{
    "1950-1960": [
        24.20689655172414,
        23.61904761904762,
        22.48507462686567,
        23.486238532110093,
        25.047619047619047,
        23.880597014925375,
        23.11764705882353,
        21.235294117647058
    ],
    "1960-1970": [
        24.774590163934427,
        23.19291338582677,
        22.081818181818182,
        22.567251461988302,
        20.3,
        22.823529411764707,
        19.263736263736263,
        22.688524590163933
    ],
    "1970-1980": [
        22.977777777777778,
        23.22811671087533,
        20.50588235294118,
        22.824281150159745,
        22.596,
        20.976303317535546,
        21.905405405405407,
        22.1858407079646
    ],
    "1980-1990": [
        22.650924024640656,
        22.20815450643777,
        21.13532110091743,
        21.77386934673367,
        20.82758620689655,
        19.18345323741007,
        20.02577319587629,
        19.166666666666668
    ],
    "1990-2000": [
        21.402877697841728,
        20.649056603773584,
        21.109756097560975,
        20.336585365853658,
        20.055555555555557,
        18.702898550724637,
        20.401869158878505,
        18.641025641025642
    ],
    "2000-2001": [
        21.615384615384617,
        22.914285714285715,
        23.419354838709676,
        21.24,
        13.904761904761905,
        15.666666666666666,
        14.636363636363637,
        12.375
    ]
}